word,n
janpanese,259
rice,182
fish,182
cuisine,174
bowl,169
sushi,157
sashimi,154
served,141
even,135
fresh,134
domburi,131
seafood,127
topped,127
beautiful,124
delicate,112
sauce,99
raw,95
made,95
popular,91
role,90
maki,88
now,84
platter,84
include,83
flavors,81
simple,80
tempura,79
dozen,76
pungent,76
arranged,74
exotic,72
skewer,72
words,71
healthiest,70
dish,70
thin,68
chicken,68
curry,68
events,64
meat,64
different,62
larger,61
complement,61
grill,60
yakitori,59
bar,58
vegetables,57
western,57
best,56
FLAVOR,56
table,55
dinner,54
tasty,54
roll,53
times,53
experience,52
meal,52
vegas,52
day,50
duck,50
fish,50
authentic,49
cheap,49
korean,49
items,48
portions,48
crab,45
staff,45
eating,44
tea,44
water,44
china,43
served,43
stars,43
super,43
wait,43
fast,42
busy,41
decent,41
worth,41
found,40
minutes,40
recommend,40
delivery,39
family,39
feel,39
friends,39
tasted,39
clean,38
huge,38
inside,38
special,38
crispy,36
home,36
star,36
thai,36
visit,36
cooked,35
enjoy,35
green,35
options,35
tofu,35
house,34
orange,34
top,34
lamb,33
mein,33
called,32
chow,32
disappointed,32
friend,32
real,32
reviews,32
salad,32
style,32
half,31
quick,31
seafood,31
cold,30
cream,30
decided,30
dessert,30
main,30
pay,30
serve,30
amount,29
black,29
hard,29
dining,28
dumpling,28
excellent,28
expect,28
portion,28
waitress,28
average,27
coming,27
cuisine,27
japanese,27
plate,27
review,27
selection,27
sesame,27
steamed,27
tender,27
town,27
variety,27
american,26
bean,26
brought,26
free,26
hand,26
red,26
station,26
stir,26
stuff,26
check,25
finally,25
fun,25
garlic,25
happy,25
line,25
looked,25
person,25
salty,25
similar,25
specials,25
spot,25
vegetables,25
awesome,24
bland,24
buns,24
decor,24
greasy,24
kitchen,24
left,24
located,24
makes,24
mongolian,24
owner,24
prepared,24
size,24
soy,24
tables,24
told,24
veggies,24
close,23
couple,23
drinks,23
location,23
soft,23
strip,23
type,23
yelp,23
ate,22
bbq,22
bite,22
business,22
care,22
deep,22
extra,22
fan,22
ice,22
lots,22
offer,22
priced,22
rest,22
spring,22
start,22
texture,22
white,22
bowl,21
broccoli,21
chili,21
drink,21
entrees,21
reasonable,21
regular,21
street,21
takeout,21
tip,21
traditional,21
atmosphere,20
broth,20
hotel,20
late,20
perfect,20
pieces,20
set,20
standard,20
stop,20
typical,20
ago,19
curry,19
cut,19
dry,19
enjoyed,19
extremely,19
fine,19
fries,19
front,19
guy,19
hungry,19
impressed,19
parking,19
potato,19
ready,19
simple,19
vegetable,19
wonton,19
wontons,19
wrong,19
appetizers,18
bread,18
cheese,18
desserts,18
eaten,18
english,18
expensive,18
express,18
flavour,18
mind,18
mix,18
pepper,18
plenty,18
ribs,18
servers,18
spice,18
waiting,18
wife,18
arrived,17
attentive,17
bring,17
change,17
chef,17
customer,17
customers,17
fairly,17
flavors,17
fry,17
ginger,17
highly,17
hour,17
lobster,17
money,17
onion,17
option,17
pan,17
serving,17
short,17
wall,17
appetizer,16
bun,16
choices,16
choose,16
filling,16
flavorful,16
heavy,16
husband,16
light,16
mixed,16
phoenix,16
plates,16
pulled,16
raw,16
run,16
server,16
sit,16
store,16
tasting,16
thick,16
worst,16
buffets,15
call,15
choice,15
completely,15
congee,15
craving,15
door,15
due,15
filled,15
frozen,15
legs,15
lo,15
local,15
low,15
mandarin,15
pot,15
return,15
speak,15
tastes,15
toronto,15
trip,15
wok,15
absolutely,14
add,14
bill,14
chewy,14
chinatown,14
corn,14
counter,14
don,14
entree,14
expected,14
guess,14
included,14
including,14
indian,14
interior,14
leave,14
limited,14
mai,14
mall,14
mexican,14
offered,14
onions,14
owners,14
paid,14
pick,14
pm,14
ramen,14
remember,14
salt,14
seated,14
shop,14
simply,14
slightly,14
soups,14
taro,14
understand,14
walk,14
walked,14
warm,14
actual,13
balls,13
cantonese,13
closed,13
cool,13
days,13
dragon,13
fruit,13
fusion,13
generous,13
grill,13
honestly,13
hours,13
king,13
la,13
manager,13
meals,13
note,13
oil,13
packed,13
pad,13
seasoned,13
spices,13
sunday,13
tomato,13
vegetarian,13
veggie,13
weird,13
wings,13
yum,13
added,12
ambiance,12
beat,12
beer,12
bone,12
buy,12
casino,12
chocolate,12
city,12
cooking,12
dried,12
drop,12
empty,12
entire,12
evening,12
feet,12
floor,12
gem,12
item,12
joint,12
kung,12
las,12
lee,12
level,12
list,12
lol,12
mango,12
offers,12
piece,12
rare,12
read,12
recently,12
sat,12
stand,12
started,12
surprised,12
tacos,12
week,12
yummy,12
basically,11
beans,11
beautiful,11
compared,11
consistent,11
cost,11
courses,11
cup,11
deal,11
dimsum,11
disappointing,11
eggs,11
fancy,11
fat,11
forgot,11
hakka,11
heard,11
hit,11
honey,11
ingredients,11
kids,11
milk,11
modern,11
mood,11
nearby,11
overly,11
past,11
perfectly,11
pizza,11
prefer,11
quickly,11
reason,11
roast,11
sashimi,11
share,11
smell,11
spend,11
stay,11
steam,11
sticky,11
taking,11
tin,11
tough,11
TRUE,11
unique,11
usual,11
waiter,11
weekend,11
wine,11
affordable,10
balance,10
base,10
based,10
boba,10
brisket,10
brown,10
cabbage,10
ceremony,10
chairs,10
charge,10
charlotte,10
combination,10
combo,10
cook,10
court,10
crazy,10
dan,10
eggplant,10
expectations,10
familiar,10
fatty,10
freshly,10
glass,10
hate,10
healthy,10
hope,10
lady,10
meats,10
mediocre,10
mouth,10
ny,10
oily,10
pancake,10
panda,10
pleasant,10
pool,10
sad,10
section,10
skin,10
snow,10
south,10
space,10
steak,10
stopped,10
sugar,10
suggest,10
tonight,10
total,10
tuna,10
watch,10
world,10
admit,9
alright,9
ambience,9
belly,9
bf,9
boiled,9
calamari,9
cash,9
complimentary,9
couscous,9
covered,9
delivered,9
dine,9
easy,9
employees,9
establishment,9
expecting,9
fantastic,9
feeling,9
finding,9
finished,9
flat,9
friday,9
giant,9
glasses,9
horrible,9
include,9
italian,9
juicy,9
lack,9
lived,9
massage,9
menus,9
middle,9
minister,9
months,9
mushroom,9
neighborhood,9
north,9
pancakes,9
pao,9
pass,9
pittsburgh,9
received,9
recommended,9
rude,9
sauces,9
school,9
seating,9
seaweed,9
sitting,9
sliced,9
solid,9
spoke,9
taiwan,9
tons,9
touch,9
unlike,9
valley,9
visited,9
watching,9
wedding,9
worse,9
wow,9
write,9
accommodating,8
banana,8
box,8
boyfriend,8
breakfast,8
brunch,8
card,8
carry,8
cart,8
changed,8
charged,8
cheaper,8
chive,8
chop,8
chose,8
coconut,8
comfortable,8
considered,8
constantly,8
crunchy,8
curd,8
decorated,8
der,8
describe,8
dough,8
fair,8
favourite,8
garden,8
giving,8
glad,8
grab,8
guys,8
happened,8
hidden,8
hole,8
idea,8
kenzo,8
kid,8
kinton,8
life,8
live,8
loved,8
means,8
minute,8
month,8
music,8
nicely,8
noticed,8
party,8
peking,8
personally,8
pf,8
phone,8
pineapple,8
poor,8
pop,8
previous,8
rib,8
scallops,8
selections,8
shu,8
single,8
slices,8
sort,8
sprouts,8
stomach,8
tax,8
temperature,8
terms,8
ton,8
version,8
vietnamese,8
waited,8
weekends,8
weeks,8
wonderful,8
addition,7
afternoon,7
avoid,7
bacon,7
basic,7
beginning,7
bowls,7
braised,7
burger,7
cake,7
cilantro,7
closer,7
cocktails,7
coffee,7
color,7
comfort,7
continue,7
corner,7
crowded,7
damn,7
decide,7
die,7
difficult,7
dirty,7
double,7
doubt,7
downtown,7
drive,7
east,7
excited,7
fee,7
forward,7
french,7
fruits,7
funny,7
game,7
grand,7
gross,7
gta,7
guests,7
guu,7
head,7
helpful,7
immediately,7
incredible,7
inexpensive,7
juice,7
kick,7
kinds,7
knife,7
lai,7
leaf,7
lotus,7
lovely,7
madison,7
mark,7
matter,7
meh,7
mill,7
moist,7
montreal,7
mushrooms,7
naeng,7
paste,7
pea,7
perfection,7
personal,7
pho,7
plan,7
plaza,7
portioned,7
potstickers,7
prepare,7
presentation,7
public,7
quiet,7
reading,7
reminded,7
roasted,7
round,7
satisfied,7
seat,7
sell,7
serves,7
shared,7
shopping,7
sichuan,7
sign,7
sized,7
skewers,7
soggy,7
sports,7
stands,7
stick,7
stuffed,7
surprise,7
surprisingly,7
szechuan,7
talking,7
test,7
tongue,7
tub,7
types,7
view,7
waiters,7
west,7
word,7
aka,6
americanized,6
appears,6
appetizing,6
arrive,6
asia,6
az,6
background,6
baked,6
barely,6
bathroom,6
bell,6
birthday,6
booths,6
bother,6
bought,6
breaded,6
bunch,6
carrots,6
carts,6
chilli,6
complaint,6
complaints,6
condiments,6
container,6
correct,6
crisp,6
crunch,6
cumin,6
custard,6
cuts,6
date,6
debit,6
delish,6
deliver,6
design,6
difference,6
dipping,6
dollars,6
efficient,6
exception,6
extensive,6
eye,6
fall,6
fare,6
favorites,6
filet,6
fill,6
final,6
foods,6
forget,6
fu,6
gai,6
gelato,6
girl,6
grocery,6
hair,6
hands,6
hang,6
hear,6
heat,6
homemade,6
imagine,6
impressive,6
island,6
judge,6
kimchi,6
lettuce,6
literally,6
lounge,6
luckily,6
machine,6
meant,6
mins,6
mitchell's,6
move,6
movie,6
myun,6
nca,6
noise,6
northern,6
omg,6
opinion,6
originally,6
overpriced,6
oysters,6
palace,6
paper,6
par,6
parents,6
paying,6
peanut,6
picked,6
picky,6
picture,6
pictures,6
pink,6
polite,6
popular,6
positive,6
poultine,6
range,6
rating,6
ratio,6
refilled,6
remind,6
request,6
reservation,6
result,6
rush,6
saturday,6
sausage,6
sea,6
shocked,6
siu,6
soya,6
spa,6
spaghetti,6
spending,6
spent,6
split,6
strong,6
students,6
summer,6
supposed,6
suspect,6
taco,6
tagine,6
takes,6
talk,6
tempura,6
thin,6
tso's,6
update,6
vinegar,6
walking,6
window,6
yelpers,6
yuck,6
abdul,5
adding,5
america,5
asians,5
auch,5
authenticity,5
avocado,5
bag,5
bakery,5
ball,5
bao,5
bay,5
beers,5
bigger,5
bold,5
bottle,5
bottom,5
break,5
bucks,5
cafe,5
canadian,5
carb,5
caribbean,5
casual,5
chair,5
checked,5
checking,5
chefs,5
chunks,5
class,5
classic,5
cleanliness,5
closest,5
comparable,5
compare,5
complete,5
consistently,5
cookie,5
country,5
crap,5
crave,5
cravings,5
crepes,5
crust,5
culinary,5
culture,5
daily,5
dark,5
das,5
delight,5
delivers,5
desert,5
didnt,5
disappointment,5
disgusting,5
distance,5
donuts,5
dozen,5
dropped,5
earlier,5
entered,5
everyday,5
exceptional,5
experienced,5
eyes,5
factor,5
families,5
famous,5
fans,5
feels,5
fell,5
fishy,5
fit,5
fluffy,5
foo,5
foodies,5
foot,5
fortune,5
future,5
gold,5
golden,5
goodness,5
gorgeous,5
gow,5
graeter's,5
granted,5
gravy,5
greens,5
greeted,5
grilled,5
growing,5
guest,5
hell,5
hey,5
ho,5
im,5
includes,5
issues,5
ive,5
joints,5
kenzo's,5
key,5
lacking,5
larger,5
learn,5
learned,5
leaves,5
liquid,5
living,5
locations,5
loud,5
loves,5
lower,5
lunar,5
manner,5
market,5
markham,5
mayo,5
meaty,5
meet,5
memorable,5
mention,5
mentioned,5
mess,5
mini,5
miso,5
miss,5
mom,5
moment,5
monday,5
moo,5
moroccan,5
moved,5
msg,5
multiple,5
notch,5
office,5
opportunity,5
outstanding,5
owned,5
pack,5
page,5
park,5
partner,5
picking,5
platter,5
play,5
pomo,5
potatoes,5
prime,5
prior,5
products,5
putting,5
quantity,5
rangoon,5
rated,5
realize,5
regulars,5
reminds,5
returning,5
reviewers,5
ridiculously,5
running,5
sadly,5
salmon,5
sampled,5
san,5
sandwich,5
save,5
savory,5
score,5
seats,5
sense,5
setting,5
shell,5
sick,5
sizzling,5
skills,5
slow,5
son,5
southern,5
spare,5
specialty,5
specifically,5
spots,5
square,5
standards,5
staple,5
stayed,5
staying,5
stood,5
straight,5
sweetness,5
taiwanese,5
takeaway,5
tend,5
terrible,5
thinking,5
tiny,5
tso,5
tuesday,5
upscale,5
venue,5
verdict,5
visits,5
waitresses,5
walnut,5
wasabi,5
workers,5
worthy,5
writing,5
written,5
yeah,5
aber,4
additional,4
adventurous,4
allowed,4
answer,4
anymore,4
appointment,4
awkward,4
ayce,4
baby,4
banquet,4
batter,4
bibimbap,4
bites,4
bits,4
body,4
bok,4
book,4
boring,4
bottles,4
boxes,4
boy,4
bright,4
bringing,4
brings,4
btw,4
budget,4
bulgogi,4
car,4
cares,4
cashew,4
chain,4
chance,4
chang's,4
changs,4
cheesecake,4
chew,4
chicago,4
child,4
chips,4
choy,4
christmas,4
clams,4
cocktail,4
comment,4
community,4
complain,4
convenient,4
cookies,4
cooks,4
cosmopolitan,4
couples,4
cozy,4
crowd,4
cubes,4
cute,4
darn,4
daughter,4
de,4
depending,4
descent,4
deserves,4
dined,4
diner,4
dinners,4
disappoint,4
dive,4
dollar,4
dont,4
donut,4
driving,4
easier,4
edible,4
effort,4
eggroll,4
elegant,4
enjoying,4
equally,4
es,4
eventually,4
experiences,4
fabulous,4
father,4
fav,4
feed,4
filthy,4
fingers,4
fix,4
flaky,4
flavourful,4
fork,4
fountain,4
francisco,4
frequently,4
frustrating,4
gardens,4
generously,4
gentleman,4
girlfriend,4
girls,4
gonna,4
gotta,4
grateful,4
handmade,4
har,4
hearts,4
helping,4
hold,4
hong,4
hotels,4
hubby,4
hundreds,4
iced,4
ich,4
ideas,4
imo,4
impossible,4
incredibly,4
instantly,4
jajangmyun,4
jia,4
job,4
juices,4
justify,4
kindergarten,4
knock,4
kong,4
koreans,4
laid,4
lan,4
language,4
lastly,4
lighting,4
lightly,4
lit,4
magic,4
managed,4
management,4
melted,4
mien,4
minced,4
mint,4
minus,4
mississauga,4
mistake,4
mother,4
mustard,4
nachos,4
napkins,4
nasty,4
necessarily,4
normal,4
notable,4
nuggets,4
nyc,4
o'donnell's,4
odd,4
offerings,4
online,4
overcooked,4
parties,4
passed,4
patrons,4
peas,4
photo,4
playing,4
pleased,4
plentiful,4
pods,4
posted,4
poutine,4
prawn,4
preparation,4
preserved,4
pressure,4
print,4
proceeded,4
prompt,4
promptly,4
properly,4
provide,4
provided,4
pu,4
punch,4
quart,4
questions,4
random,4
reasons,4
reception,4
recommendation,4
refreshing,4
refused,4
regret,4
renovated,4
repeat,4
respect,4
restrooms,4
returned,4
sandwiches,4
satisfy,4
satisfying,4
saving,4
scallop,4
scottsdale,4
seared,4
selling,4
separate,4
sf,4
shaanxi,4
shanghai,4
sharing,4
shiu,4
signs,4
sizes,4
skeptical,4
slight,4
smelling,4
smoke,4
smooth,4
smoothie,4
soda,4
sold,4
sounds,4
spadina,4
speaks,4
specific,4
spectacular,4
spiciness,4
spinach,4
squid,4
standing,4
starch,4
stations,4
steaming,4
stellar,4
stew,4
sticks,4
stingy,4
stock,4
stores,4
strange,4
strawberry,4
strips,4
sun,4
syrup,4
tad,4
tasteless,4
ten,4
tokyo,4
tour,4
treat,4
tv,4
typically,4
und,4
uuu,4
varied,4
wah,4
waitstaff,4
walls,4
warning,4
watched,4
weekday,4
wide,4
winner,4
worry,4
wraps,4
xo,4
zu,4
access,3
accurate,3
adjustments,3
advance,3
advantage,3
age,3
agree,3
ahead,3
alas,3
albeit,3
almond,3
aloha,3
anytime,3
appeared,3
arranged,3
art,3
arts,3
aspect,3
attended,3
auf,3
avoided,3
aware,3
bacchanal,3
bakeries,3
bam,3
bamboo,3
banchan,3
bank,3
bare,3
basil,3
bathrooms,3
bed,3
begin,3
bellagio,3
benches,3
bi,3
biggest,3
birthdays,3
bistro,3
blah,3
bloody,3
blow,3
blue,3
bonus,3
booze,3
brand,3
breading,3
breast,3
brother,3
brulee,3
bubble,3
buds,3
building,3
burgers,3
burrito,3
butcher,3
buttery,3
buzz,3
cakes,3
calm,3
canned,3
caramelized,3
carbs,3
cared,3
carrot,3
cashier,3
ceiling,3
celery,3
challenge,3
chances,3
chandelier,3
chandler,3
chang,3
cheapest,3
cheesy,3
chef's,3
cheng,3
chives,3
cirque,3
claws,3
cleaning,3
cleveland,3
closing,3
coast,3
coat,3
colleagues,3
college,3
combinations,3
complex,3
confused,3
cons,3
costs,3
crayfish,3
created,3
credit,3
creme,3
crispier,3
crowds,3
cucumber,3
curious,3
current,3
cuz,3
dated,3
deals,3
decently,3
decisions,3
decoration,3
den,3
depth,3
description,3
detail,3
devoured,3
diet,3
dingy,3
dip,3
discovered,3
dispenser,3
dog,3
doughy,3
downhill,3
downside,3
drawback,3
drinking,3
eater,3
eats,3
eine,3
employee,3
entr,3
entrance,3
environment,3
epic,3
escalator,3
established,3
event,3
ew,3
exhibit,3
explain,3
explanation,3
factory,3
fake,3
favor,3
feast,3
fees,3
fellow,3
filipino,3
finishing,3
fire,3
firm,3
fixed,3
flexible,3
flour,3
folded,3
folks,3
foodie,3
forever,3
frequent,3
frustrated,3
games,3
garnish,3
gf,3
glutinous,3
god,3
griddle,3
ground,3
hawaiian,3
health,3
healthier,3
hearing,3
heck,3
highlight,3
hill,3
hits,3
ho's,3
honest,3
hoping,3
hunan,3
impression,3
incorrect,3
indulge,3
initial,3
inn,3
inspired,3
introduced,3
inviting,3
issue,3
jack,3
jamppong,3
jasmine,3
jiang,3
jjajang,3
join,3
joke,3
kidding,3
kill,3
killer,3
kinda,3
knowing,3
korea,3
lacked,3
lakewood,3
land,3
lazy,3
lcbo,3
lee's,3
leftovers,3
leg,3
legit,3
lemon,3
lentils,3
lights,3
liking,3
lime,3
lines,3
lobsters,3
lost,3
louie,3
loving,3
luke,3
lunchtime,3
male,3
marinated,3
mashed,3
massive,3
meaning,3
medium,3
melt,3
mexicali,3
mian,3
mildly,3
miles,3
min,3
mine,3
miserable,3
missing,3
mochi,3
mou,3
mountain,3
mushy,3
names,3
natural,3
negative,3
neighbourhood,3
newly,3
nicest,3
nicht,3
nitrogen,3
noisy,3
nom,3
numbing,3
nyny,3
octopus,3
oddly,3
oodles,3
opposite,3
opted,3
organized,3
packets,3
palette,3
paradise,3
passing,3
pastries,3
peanuts,3
pei,3
peppercorn,3
peppers,3
petals,3
photos,3
pi,3
piping,3
placing,3
plain,3
poisoning,3
population,3
powder,3
pre,3
pricey,3
pricier,3
pricing,3
product,3
province,3
question,3
rainbow,3
ranges,3
rarely,3
ratings,3
rave,3
ravioli,3
realized,3
receiving,3
recipe,3
referring,3
refills,3
register,3
regularly,3
relaxed,3
removed,3
resemble,3
reservations,3
ribeye,3
risotto,3
river,3
road,3
rock,3
roti,3
rou,3
row,3
runs,3
safe,3
salads,3
savoury,3
screen,3
searched,3
searching,3
seemingly,3
select,3
sets,3
shinobu,3
shot,3
shower,3
shredded,3
signature,3
silk,3
silly,3
sits,3
smelled,3
smile,3
snack,3
soak,3
soaking,3
sober,3
social,3
sodas,3
soo,3
sooo,3
sorts,3
soupy,3
spacious,3
speaking,3
spoon,3
spotlight,3
springy,3
starting,3
starving,3
stays,3
steal,3
steeles,3
sticker,3
stickers,3
stinky,3
stocked,3
streets,3
strikes,3
stuck,3
stuffing,3
stunning,3
stupid,3
stylish,3
sui,3
supermarket,3
suppose,3
surely,3
surprising,3
tadka,3
tangy,3
tarts,3
telling,3
textures,3
theme,3
thickness,3
thinly,3
thinner,3
throw,3
thrown,3
till,3
timely,3
tired,3
toast,3
today's,3
topped,3
topping,3
toppings,3
totally,3
transportation,3
traveling,3
treated,3
treatment,3
treats,3
trek,3
trust,3
turf,3
turnip,3
turnover,3
unlimited,3
uptown,3
utensils,3
venetian,3
venues,3
vermicelli,3
vibe,3
visiting,3
visually,3
waffles,3
wanna,3
waste,3
weak,3
website,3
wednesday,3
weekly,3
wei,3
western,3
whim,3
woman,3
wondering,3
wood,3
words,3
wrap,3
wrote,3
xiao,3
ya,3
yea,3
yep,3
yesterday,3
yonge,3
zaw's,3
zealand,3
zen,3
abacus,2
abandoned,2
absolute,2
account,2
acknowledge,2
acknowledging,2
act,2
activities,2
acupuncture,2
aerial,2
afford,2
aforementioned,2
afraid,2
agave,2
agents,2
agreed,2
airport,2
al,2
ala,2
alcohol,2
amazingly,2
americans,2
ample,2
andere,2
angel,2
animal,2
anise,2
anorexic,2
answered,2
apologized,2
apology,2
apparently,2
appealing,2
appearance,2
appetite,2
apple,2
apply,2
approach,2
apps,2
architecture,2
argue,2
aria,2
arrange,2
array,2
assortment,2
assumed,2
attempts,2
attention,2
attract,2
ave,2
awake,2
awareness,2
awful,2
awhile,2
bagels,2
bags,2
ban,2
banchans,2
bartender,2
bases,2
basket,2
basmati,2
bass,2
bbt,2
beats,2
beautifully,2
beet,2
bei,2
beijing,2
benedict,2
benefit,2
bent,2
bento,2
berry,2
bias,2
billion,2
bin,2
biodome,2
bird,2
biting,2
bitter,2
blend,2
blindfolded,2
blows,2
blvd,2
board,2
boat,2
bob,2
bones,2
booth,2
borderline,2
botanical,2
bottled,2
bow,2
boys,2
breathtaking,2
breeze,2
broken,2
brothers,2
browns,2
brussel,2
bucket,2
buffet's,2
built,2
burned,2
buying,2
ca,2
cafeteria,2
california,2
calling,2
canada,2
cancel,2
candy,2
captain,2
careful,2
carpet,2
carte,2
carted,2
cater,2
catering,2
cathay,2
ceilings,2
celebrating,2
celebration,2
cellar,2
center,2
central,2
centre,2
ceviche,2
cha,2
chai,2
chains,2
champ,2
champagne,2
chan,2
changing,2
charm,2
charming,2
chestnuts,2
chewiness,2
chi,2
childhood,2
children,2
chill,2
chillies,2
chilly,2
chip,2
cho,2
chops,2
chou's,2
chuan,2
church,2
claim,2
claims,2
clay,2
claypot,2
cleaned,2
clearing,2
clientele,2
clothes,2
club,2
cmu,2
coated,2
colors,2
combos,2
comforting,2
comfy,2
commented,2
communication,2
company,2
complained,2
complaining,2
complicated,2
consisted,2
consistency,2
consultation,2
contact,2
contained,2
content,2
continued,2
continuous,2
convenience,2
conveniently,2
conversation,2
cooler,2
copy,2
cosmo,2
costly,2
cotta,2
coupon,2
coupons,2
cousin,2
cover,2
covers,2
coworker,2
crack,2
cracked,2
crackers,2
craig,2
cranberry,2
crew,2
croquettes,2
cruller,2
csb,2
cultural,2
cups,2
cure,2
curtains,2
customization,2
cutting,2
dancing,2
dare,2
dates,2
death,2
decline,2
dedicated,2
delightful,2
delightfully,2
dente,2
depends,2
designed,2
desired,2
desk,2
desperately,2
despise,2
diamond,2
diane,2
diners,2
dinning,2
dipped,2
directed,2
directly,2
discount,2
dislike,2
disorganized,2
distinct,2
diverse,2
doors,2
dot,2
downfall,2
dozens,2
dream,2
dripping,2
driven,2
drove,2
drunk,2
du,2
durian,2
dust,2
dynamite,2
ear,2
easily,2
eastern,2
eatery,2
eclectic,2
edge,2
eel,2
eh,2
ein,2
elastic,2
element,2
elements,2
em,2
email,2
en,2
enchiladas,2
ensure,2
enter,2
entertainment,2
entry,2
episode,2
er,2
esque,2
essentially,2
estimates,2
ethnic,2
european,2
eww,2
exact,2
excluding,2
excuse,2
executed,2
explode,2
explore,2
extraordinary,2
extras,2
faley,2
FALSE,2
fam,2
fave,2
favour,2
festivals,2
fillings,2
fin,2
finish,2
fired,2
flag,2
flair,2
flask,2
flavored,2
flavorless,2
flavours,2
flies,2
flo's,2
floors,2
flow,2
flowers,2
flying,2
focus,2
foil,2
fondly,2
forced,2
forgettable,2
forgotten,2
forks,2
fortunate,2
frequented,2
fridge,2
froo,2
funk,2
fuss,2
gang,2
gao,2
garbage,2
garde,2
generic,2
genuinely,2
gerichten,2
gift,2
girlfriend's,2
glance,2
goat,2
gochu,2
gogi,2
gooey,2
gorged,2
gourmet,2
gr,2
grace,2
grandma,2
grass,2
grease,2
grew,2
gripe,2
grumpy,2
guac,2
guo,2
ha,2
haben,2
hakkasan,2
hall,2
hamburger,2
hammam,2
handed,2
hangover,2
hankerin,2
happen,2
hardee's,2
hardest,2
harsh,2
hash,2
haw,2
heart,2
hearty,2
heated,2
heaven,2
heavily,2
heen,2
henry,2
hibachi,2
hip,2
hisara,2
hispanic,2
hmmm,2
holding,2
holidays,2
homestyle,2
hometown,2
hongkong,2
honour,2
hor,2
horchata,2
hospitable,2
hospitality,2
hostess,2
hotpot,2
huli,2
human,2
hung,2
hunger,2
hunt,2
hurry,2
husband's,2
hype,2
hyped,2
idiot,2
imaginable,2
immersed,2
impress,2
improved,2
incident,2
increasingly,2
india,2
indians,2
indifferent,2
individual,2
indo,2
inedible,2
infinitely,2
inform,2
informed,2
ingredient,2
initially,2
injured,2
innovative,2
inspection,2
instincts,2
isnt,2
ist,2
izakaya,2
ja,2
jade,2
jaegban,2
japchae,2
jason,2
jelly,2
jesus,2
jollibee,2
jook,2
journey,2
jun,2
ka,2
kabob,2
kabobs,2
kal,2
kenny,2
killing,2
kinton's,2
kiosks,2
kleine,2
knowledge,2
lackluster,2
lafayette,2
lamian,2
landed,2
lao,2
laughing,2
layout,2
lean,2
learning,2
leeks,2
legend,2
leith,2
length,2
lentil,2
lie,2
lighter,2
lineup,2
lining,2
liquor,2
listed,2
listening,2
loaded,2
loads,2
loaf,2
lobby,2
locals,2
lollipops,2
lose,2
lottery,2
lukewarm,2
lured,2
lychee,2
mac,2
macaroni,2
macarons,2
machu,2
madeline,2
magazines,2
mainland,2
maki,2
malls,2
mama,2
mando,2
manger,2
manually,2
martial,2
mass,2
mat,2
match,2
math,2
mcdonald's,2
meeting,2
meets,2
melon,2
melts,2
memories,2
microwaved,2
mid,2
mignon,2
mike,2
ministers,2
missed,2
mistakes,2
miu,2
mixture,2
moderate,2
mom's,2
morning,2
mousse,2
mouthfeel,2
mouths,2
movers,2
moving,2
mussels,2
nae,2
native,2
natto,2
nature,2
navigate,2
neat,2
neon,2
nicer,2
nightly,2
nightmare,2
nigiri,2
noch,2
noting,2
numerous,2
oakland,2
observation,2
occasion,2
occasions,2
ocean,2
oder,2
ohio,2
oj,2
olive,2
omakase,2
omelet,2
omelets,2
operation,2
operations,2
optimal,2
orient,2
original,2
origins,2
outrageous,2
overhead,2
overlook,2
overlooked,2
overpowering,2
ownership,2
owns,2
oz,2
palace's,2
palate,2
palates,2
panna,2
papadam,2
parmesean,2
passion,2
pasta,2
pastry,2
payment,2
pearl,2
people's,2
peppery,2
pepsi,2
period,2
perk,2
phenomenal,2
phones,2
pichu,2
pickled,2
pickup,2
pie,2
pig,2
pile,2
pillows,2
plant,2
played,2
pleasure,2
pocket,2
pocky,2
poker,2
policy,2
poorly,2
popped,2
porc,2
position,2
possibly,2
post,2
posting,2
pots,2
pour,2
poured,2
ppl,2
practically,2
practice,2
prawns,2
preference,2
premium,2
preparations,2
preparing,2
pretending,2
primarily,2
private,2
process,2
produce,2
professional,2
proportions,2
props,2
protein,2
pub,2
puff,2
puffs,2
pumpkin,2
puppies,2
purgatory,2
pushing,2
quaint,2
quens,2
quest,2
quoted,2
rainy,2
randomly,2
ranging,2
rapid,2
rate,2
raving,2
receive,2
recent,2
receptionist,2
recognize,2
recommendations,2
recovering,2
refill,2
refilling,2
regional,2
rehearsal,2
related,2
reliable,2
relief,2
remained,2
remarkable,2
remove,2
repeating,2
replaced,2
replicate,2
requested,2
requests,2
required,2
requisite,2
responded,2
restaurant's,2
resto,2
restored,2
restraunt,2
restroom,2
resturant,2
reviewer,2
reviewing,2
rices,2
richer,2
richmond,2
rings,2
rip,2
risk,2
roads,2
rocky,2
romantic,2
root,2
roots,2
rotate,2
rotation,2
royal,2
rtp,2
runny,2
sake,2
saloon,2
salsa,2
samosa,2
sauced,2
sauna,2
sausages,2
scarborough,2
scarpetta,2
scavenger,2
schezwan,2
science,2
scratch,2
scream,2
screaming,2
scusi,2
season,2
seasonal,2
seasoning,2
sections,2
security,2
sein,2
selected,2
send,2
series,2
serviced,2
services,2
servings,2
severely,2
shake,2
shakes,2
shame,2
shaved,2
shawarma,2
sheet,2
shi,2
shift,2
ship,2
shirt,2
shit,2
shoots,2
shortcomings,2
showcase,2
shown,2
shreds,2
shy,2
sichuanese,2
significantly,2
silverware,2
singapore,2
sink,2
sipping,2
sizable,2
sketchy,2
skewer,2
skill,2
slimy,2
smells,2
smoked,2
smokey,2
smoothies,2
snag,2
soba,2
socks,2
sodium,2
soleil,2
solely,2
sooooo,2
sounded,2
southeast,2
soybean,2
spaced,2
span,2
sparse,2
speakers,2
specializes,2
speed,2
speedy,2
spiced,2
spongy,2
spotted,2
staffed,2
staffs,2
stairs,2
starters,2
starts,2
stated,2
statures,2
steady,2
steep,2
stepped,2
stepping,2
stereotypical,2
stole,2
stone,2
story,2
strands,2
strawberries,2
stromboli,2
studio,2
stunk,2
suburb,2
suburban,2
subway,2
success,2
suck,2
suggestions,2
summary,2
sundays,2
superb,2
supply,2
swimming,2
switch,2
system,2
sze,2
szechwan,2
tablet,2
tag,2
taiko,2
takeaways,2
talked,2
tang,2
tango,2
tao,2
tart,2
tase,2
tasteful,2
tastey,2
tastier,2
tastiest,2
team,2
tear,2
teas,2
techniques,2
temp,2
tempted,2
tenderloin,2
tendon,2
teriyaki,2
term,2
text,2
thirsty,2
thousand,2
thousands,2
thrilled,2
thursday,2
tightly,2
tilapia,2
tire,2
tomatoes,2
tone,2
tonkatsu,2
tortilla,2
tortillas,2
tossed,2
tours,2
towel,2
towels,2
trace,2
tradition,2
train,2
transaction,2
trash,2
travel,2
tray,2
treasure,2
trendy,2
trick,2
tripe,2
truely,2
truffle,2
trusted,2
ttc,2
tuesdays,2
tummy,2
twist,2
ultimately,2
unacceptable,2
unappetizing,2
unassuming,2
understanding,2
university,2
unpleasant,2
unusual,2
updates,2
upset,2
vacation,2
vanilla,2
vast,2
veal,2
vegan,2
vendors,2
venture,2
versus,2
vibrant,2
vicinity,2
viet,2
village,2
virtual,2
vodka,2
volcano,2
waffle,2
waitlist,2
wallet,2
wantons,2
warned,2
watered,2
watermelon,2
weddings,2
weeknight,2
whatsoever,2
whirl,2
wieder,2
wilted,2
windows,2
wines,2
winter,2
wished,2
won,2
wong's,2
woo,2
wooden,2
wore,2
worker,2
world's,2
worried,2
wrapped,2
wrapping,2
wtf,2
wuhan,2
xi'an,2
yah,2
yellow,2
yolk,2
york,2
yuzu,2
zucchini,2
aback,1
abbaubaren,1
abcs,1
abd,1
abled,1
abortion,1
absurdly,1
abysmal,1
academy,1
accents,1
accept,1
acceptable,1
accepts,1
accessible,1
accessories,1
accident,1
accidents,1
accompanied,1
accompanies,1
accompany,1
accompinament,1
accomplish,1
accredited,1
accurately,1
accusations,1
accused,1
aches,1
acknowledged,1
acorn,1
acquainted,1
acquired,1
acrobats,1
action,1
active,1
acts,1
ad,1
adequate,1
adjust,1
admire,1
admired,1
adorable,1
ads,1
adults,1
advanced,1
advantages,1
adventure,1
adverse,1
advertises,1
advice,1
advise,1
advisor,1
aesthetic,1
af,1
affected,1
affluent,1
affordability,1
african,1
agenda,1
ahem,1
ai,1
aimed,1
aint,1
aisle,1
aisles,1
akin,1
alan's,1
alarmed,1
albarino,1
alberta,1
albertson's,1
alert,1
algorithm,1
alice,1
alinea,1
alittle,1
alkaline,1
allegations,1
allergen,1
allergic,1
alley,1
allure,1
almonds,1
alongside,1
alot,1
altered,1
altering,1
alternate,1
alternative,1
alternatives,1
amazed,1
amazement,1
amazes,1
america's,1
amfs,1
amounts,1
amphitheater,1
amt,1
amused,1
analysis,1
ancillary,1
anderen,1
angela,1
angeles,1
angels,1
angepassten,1
angus,1
anniversary,1
annoy,1
annoying,1
annual,1
anticipated,1
anything's,1
aorta,1
apiece,1
app,1
appalled,1
appalling,1
apparantly,1
appeal,1
apperiance,1
appertizer,1
appetites,1
appraisal,1
appreciates,1
approachable,1
approached,1
appropriately,1
approximately,1
apricots,1
apt,1
aqua,1
arabic,1
arcadia,1
architectural,1
architekte,1
arent,1
arm,1
armed,1
arms,1
army,1
aroma,1
arranging,1
arrival,1
arrives,1
arriving,1
artichoke,1
artificial,1
arugula,1
arun,1
asiatischen,1
asleep,1
ass,1
assessment,1
assign,1
asskickers,1
association,1
assorted,1
assured,1
astors,1
astounding,1
asu,1
atlanta,1
atrocious,1
attached,1
attacked,1
attempted,1
attend,1
attest,1
attribute,1
au,1
aubergine,1
audacity,1
aufenthalt,1
auntie,1
automotive,1
avail,1
avarage,1
awsome,1
bacardi,1
backside,1
badly,1
badness,1
baek,1
bahn,1
bak,1
baker,1
baller,1
bananas,1
bang,1
banks,1
banner,1
banners,1
bao's,1
barbacoa,1
barbecue,1
barbeque,1
barmen,1
barrier,1
bars,1
barwomen,1
basa,1
basis,1
baskets,1
bat,1
bathrobe,1
battered,1
bb,1
beach,1
beaded,1
beams,1
bears,1
beatles,1
beauty's,1
beckon,1
bee,1
beefy,1
beggars,1
bekee,1
believing,1
bella,1
bench,1
beppo,1
bestellen,1
bet,1
beverage,1
beverly,1
bf's,1
biased,1
bibimap,1
billed,1
biologisch,1
bird's,1
biscuits,1
bitsy,1
biz,1
bizarre,1
bk,1
bla,1
blackberries,1
blackberry,1
blackjack,1
blanc,1
blankly,1
blares,1
blast,1
blech,1
bleh,1
blew,1
blind,1
blindly,1
blintz,1
bliss,1
block,1
blocks,1
blood,1
bloor,1
blossoms,1
blown,1
boast,1
boat's,1
boats,1
bodybuilder,1
bogeul,1
bolder,1
bollywood,1
bolstered,1
bomb,1
bombing,1
boneless,1
bonjour,1
boo,1
booked,1
bookmark,1
bookmarked,1
books,1
booming,1
boost,1
born,1
bottoms,1
bouncer,1
bound,1
bountiful,1
bourbon,1
bourne,1
boyd,1
boyfriend's,1
br,1
bradford,1
brag,1
brainer,1
brands,1
bravo,1
brazil,1
breads,1
bready,1
breakdown,1
breath,1
breathe,1
brewed,1
brie,1
brightly,1
brisk,1
british,1
bro,1
broke,1
bros,1
broths,1
browned,1
bruno,1
brushed,1
brutal,1
bu,1
buca,1
buck,1
buckhead,1
buckling,1
buco,1
buddha,1
buddies,1
buffalo,1
buffers,1
bugs,1
bul,1
bulk,1
bumble,1
bummer,1
bump,1
bumped,1
burmese,1
burn,1
burner,1
burnt,1
burst,1
bursting,1
bus,1
busier,1
businesses,1
bustling,1
busyness,1
butter,1
butterflied,1
buttons,1
bye,1
cacophony,1
cadets,1
caesar,1
caesar's,1
cafes,1
caffeine,1
caking,1
cal,1
calarmi,1
calendar,1
calexico,1
calorie,1
calories,1
calpico,1
camaraderie,1
camera,1
campustown,1
candies,1
cane,1
cans,1
canto,1
capable,1
capital,1
capture,1
cardboard,1
carelessness,1
caring,1
carlo,1
carol's,1
carolina,1
carribean,1
carried,1
carries,1
carson,1
cartilage,1
cartoon,1
carvery,1
carving,1
cashiers,1
casings,1
cast,1
cat,1
catalysts,1
catch,1
catching,1
catered,1
caters,1
cattle,1
caucasian,1
caught,1
caution,1
cave,1
cavs,1
cearal,1
celebrate,1
celebrated,1
celebrates,1
celebrations,1
celebrity,1
celina,1
centrally,1
cereal,1
cerviche,1
chalk,1
chalkboard,1
challenging,1
chamabana,1
champaign,1
chandelier's,1
chandeliers,1
chaotic,1
chapel,1
characters,1
charcuterie,1
charges,1
charging,1
chasiubao,1
chat,1
chatting,1
chauffeur,1
cheaply,1
checklists,1
cheddar,1
cheek,1
cheep,1
cheers,1
cheeseboard,1
chemicals,1
chenin,1
cheong,1
cherished,1
cherishing,1
cherry,1
chesnut,1
chesnuts,1
chesse,1
cheung,1
chewed,1
chez,1
chianti,1
chic,1
chick,1
chickens,1
chickpeas,1
chilean,1
chili's,1
chilled,1
chimicurri,1
chin's,1
chinesen,1
chinois,1
chipmunk,1
chipper,1
chiu,1
choi,1
chonqi,1
choosing,1
choosy,1
chopped,1
chopseuy,1
chopsticks,1
chowfun,1
chowing,1
chu,1
chung's,1
chunk,1
ciabiatta,1
ciao,1
cicken,1
cinch,1
circular,1
circus,1
ciroc,1
cities,1
citrus,1
citus,1
claimed,1
clam,1
clanker,1
clanking,1
clarify,1
clarity,1
classmates,1
classwork,1
claudette,1
cle,1
cleaners,1
cleanest,1
cleared,1
clich,1
cliche,1
clients,1
clipper,1
closes,1
closet,1
cloths,1
cloves,1
cloying,1
clue,1
cluelessness,1
clumpy,1
clunky,1
cny,1
coalesces,1
coarse,1
cochinta,1
cockroaches,1
coke,1
colder,1
coldly,1
coldy,1
collage,1
collected,1
colonial,1
colorful,1
colossal,1
columbia,1
columbus,1
comedic,1
comforted,1
commend,1
commended,1
commenting,1
commercials,1
committed,1
common,1
communal,1
companion,1
companions,1
comparatively,1
compelled,1
competition,1
competitors,1
complementary,1
completed,1
complexity,1
compliment,1
complimented,1
compliments,1
comply,1
components,1
comprehend,1
conceded,1
concept,1
concerned,1
concoction,1
concourse,1
conditioner,1
cone,1
confirm,1
confirmed,1
conflicted,1
confounding,1
confuse,1
confusing,1
confusion,1
connected,1
connecticut,1
connective,1
consciousness,1
conservative,1
consists,1
constitutes,1
construction,1
consumed,1
consuming,1
containers,1
contaminated,1
contemplating,1
context,1
continually,1
continues,1
continuously,1
contrary,1
contributed,1
control,1
convey,1
convict,1
convinced,1
coordinator,1
copied,1
copious,1
cordial,1
cornish,1
cornstarch,1
cornucopia,1
corral,1
cosmopolitan's,1
costumes,1
cote,1
couch,1
coughed,1
coughing,1
count,1
counted,1
counters,1
countries,1
counts,1
county,1
courtesy,1
courts,1
cousin's,1
cove,1
covering,1
cow,1
coworkers,1
coz,1
cr,1
crabs,1
cracker,1
cracking,1
crackling,1
craft,1
cramped,1
crappy,1
craved,1
cravin,1
crawdads,1
crawling,1
crazies,1
creamy,1
creating,1
creativity,1
creek,1
creepy,1
cremeux,1
crime,1
criminally,1
crinkle,1
criteria,1
critic,1
criticized,1
cruddy,1
cruel,1
crullers,1
crumbs,1
crushed,1
crushing,1
crustacean,1
crusted,1
crystals,1
cube,1
cubed,1
cue,1
cuisines,1
culinarily,1
cultivate,1
cured,1
curiosity,1
curried,1
cursory,1
curvy,1
cushioned,1
custom,1
customary,1
customizations,1
customize,1
cutter,1
cuttlefish,1
cvinese,1
d'core,1
daal,1
dad,1
daeji,1
dal,1
dam,1
damage,1
danas,1
danced,1
dancer,1
danforth,1
danke,1
dann,1
darunter,1
dass,1
davis,1
day's,1
daycare,1
dazzling,1
dc,1
ddukbokki,1
dead,1
dealt,1
debate,1
debt,1
decades,1
decaffeinated,1
decatur,1
deceived,1
deceiving,1
decency,1
deciced,1
deciding,1
decision,1
declined,1
deco,1
decorate,1
deduce,1
deeelish,1
deeper,1
deeply,1
default,1
defend,1
defense,1
defensive,1
deficient,1
definetly,1
definite,1
degraded,1
degrees,1
delayed,1
delectable,1
deletes,1
delicate,1
deliciously,1
delighted,1
deliveries,1
demographically,1
demonstrations,1
denial,1
denny's,1
denoting,1
dentures,1
deny,1
dependable,1
depicted,1
deprived,1
derived,1
dert,1
des,1
deshalb,1
desirable,1
desire,1
despicable,1
destroys,1
detailed,1
details,1
detect,1
determined,1
detracts,1
developing,1
devoted,1
devour,1
di,1
dial,1
dialing,1
diameter,1
diamonds,1
diced,1
diesen,1
dieting,1
diff,1
differentiator,1
difficulty,1
digest,1
digested,1
digesting,1
digiorno,1
digital,1
digits,1
digs,1
diligently,1
dime,1
dimly,1
dinnerwears,1
direct,1
direction,1
dirt,1
disagree,1
disapoint,1
disappeared,1
disappointments,1
disaster,1
disc,1
disciples,1
disclaimer,1
disclosure,1
discriminated,1
discriminates,1
discriminating,1
discussing,1
disease,1
disgruntled,1
disguised,1
disgusted,1
dishonest,1
dismal,1
dismayed,1
disney,1
disneyland,1
display,1
displaying,1
displays,1
disposable,1
disrespect,1
dissenting,1
distinguish,1
distracting,1
distractions,1
distribution,1
disturbingly,1
divey,1
divided,1
divvy,1
dler,1
dockets,1
documents,1
dodgy,1
dogged,1
dominates,1
dominoes,1
donj't,1
donmills,1
donner,1
donutto,1
doofuses,1
dope,1
dou,1
doubles,1
doused,1
downright,1
dr,1
draft,1
dragonberry,1
dragons,1
drain,1
dramatic,1
drape,1
draperies,1
draw,1
dreadful,1
dreamed,1
dreams,1
drenched,1
dress,1
dressed,1
dressing,1
drinker,1
driver,1
drivers,1
drives,1
drizzled,1
drowned,1
drum,1
drummers,1
drunken,1
dryer,1
drying,1
dubious,1
dublin,1
ducky,1
dudes,1
duh,1
dull,1
dumb,1
dump,1
dumping,1
dundas,1
duquesne,1
dwenjang,1
dying,1
eastside,1
eateries,1
eaters,1
eatings,1
eaton,1
echoed,1
eclipsed,1
ecois,1
ecstatic,1
edamame,1
edged,1
educated,1
eeg,1
effect,1
effects,1
eggrolls,1
eigentlich,1
einem,1
einen,1
einer,1
einrichtung,1
eiw,1
elaborate,1
elasticity,1
elderly,1
electric,1
elegance,1
elephant,1
elevates,1
elevator,1
elevators,1
embarrassingly,1
embedded,1
emphasize,1
employer,1
enable,1
enclosed,1
encountered,1
encrusted,1
endless,1
endowed,1
energy,1
engaged,1
engaging,1
enhance,1
enhances,1
enjoyable,1
ensures,1
enters,1
enthusiastically,1
enticing,1
entries,1
entt,1
enuff,1
epitome,1
epitomizes,1
equates,1
era,1
eraltert,1
eric,1
errands,1
error,1
erst,1
erzeugt,1
escape,1
espresso,1
essen,1
essential,1
establishments,1
estimate,1
estimated,1
estimations,1
ethel,1
etiquette,1
etobicoke,1
etwas,1
eulogize,1
everyone's,1
everytime,1
evident,1
evil,1
ewww,1
exaggerating,1
exaggeration,1
exceeded,1
exceeds,1
excellently,1
exceptions,1
excess,1
exciting,1
exclaimed,1
exclaiming,1
execution,1
exhibitions,1
exiled,1
existence,1
exorbitant,1
exotic,1
expandment,1
expections,1
experiance,1
expert,1
expertly,1
experts,1
explained,1
explanatory,1
explicit,1
exploding,1
explored,1
expo,1
exquisite,1
exterior,1
extraordinarily,1
extravagant,1
extreme,1
faced,1
fachh,1
facing,1
faculty,1
fail,1
failed,1
failure,1
faired,1
faith,1
faithfully,1
falafel,1
faley's,1
falling,1
falls,1
fanatical,1
fancier,1
fand,1
fared,1
farmers,1
faster,1
fastfoodchinesen,1
father's,1
faucets,1
fault,1
favored,1
favors,1
favourites,1
favs,1
fay,1
fazooli's,1
fear,1
feature,1
features,1
featuring,1
fed,1
feeding,1
feeds,1
feenin,1
fellows,1
female,1
fennel,1
festival,1
fianc,1
fifteen,1
fights,1
figure,1
fiji,1
file,1
filipinos,1
filler,1
fillet,1
filo,1
financial,1
finest,1
fing,1
firstly,1
fish's,1
fits,1
fitters,1
fitting,1
fiz,1
flagged,1
flaked,1
flakes,1
flash,1
flashed,1
flatbread,1
flavoring,1
flavoured,1
flavouring,1
fleet,1
flew,1
flicks,1
flight,1
flip,1
flipped,1
floating,1
flooded,1
flops,1
floral,1
flounder,1
flower,1
flowing,1
fluent,1
fluish,1
flung,1
fluorescent,1
flush,1
flushing,1
fly,1
fobs,1
foccacia,1
foe,1
foie,1
folder,1
folding,1
followers,1
fondue,1
foodcourt,1
fool,1
foos,1
footing,1
forbid,1
force,1
forehead,1
foremost,1
forewarning,1
forgiven,1
form,1
forte,1
fortunes,1
forum,1
fotografieren,1
fought,1
foundation,1
fountains,1
fraction,1
frage,1
fragrant,1
frantically,1
freak,1
freebee,1
freebie,1
freebies,1
freeway,1
fresca,1
freshest,1
friend's,1
friendest,1
friendliness,1
fro,1
frosty,1
fructose,1
fruity,1
fryer,1
fuck,1
fucked,1
fucking,1
fulfilling,1
fuming,1
fungus,1
fyi,1
ga,1
gaiden,1
gain,1
gallery,1
gals,1
gamblers,1
gambling,1
gamey,1
gaminess,1
gaming,1
gandy,1
gar,1
gargantuan,1
garlicky,1
garnishes,1
gary,1
gas,1
gastonia,1
gateway,1
gatherings,1
gau,1
gaudy,1
gauge,1
ge,1
geared,1
gears,1
gegangen,1
gel,1
gems,1
gen,1
general's,1
generation,1
genre,1
gentlemen,1
gents,1
genuine,1
german,1
geschmacklich,1
gesellschaft,1
gewesen,1
ghetto,1
gibt,1
gigantic,1
giggling,1
gills,1
gin,1
gizzard,1
gizzards,1
gk,1
glamorized,1
glanced,1
glancing,1
glaze,1
glendale,1
glistening,1
globalthermonuclear,1
glorious,1
gluten,1
gnarly,1
gnocchi,1
godsend,1
goldfish,1
goldilocks,1
goo,1
goodbye,1
goodies,1
google,1
goong,1
goose,1
gorge,1
goshiki,1
gossiped,1
governor's,1
gps,1
grabbed,1
grabbing,1
gracious,1
grade,1
graeter,1
grainy,1
grandpa,1
grape,1
gras,1
graze,1
greatness,1
greek,1
greet,1
grey,1
griffin,1
grimy,1
gringos,1
gristly,1
grits,1
grizzle,1
groceries,1
grooves,1
grossly,1
grotty,1
grown,1
grows,1
grubby,1
gu,1
gua,1
guacamole,1
guaranteed,1
guard,1
guards,1
guava,1
guest's,1
guialo,1
guidance,1
guiding,1
guilty,1
gulf,1
gummy,1
gunpowder,1
gushy,1
gustatorially,1
gutmenschimage,1
gwai,1
gwy,1
gym,1
gyoza,1
haam,1
hab,1
habanero,1
hacked,1
haha,1
hails,1
hakow,1
halls,1
hallway,1
halved,1
ham,1
hamachi,1
hamburgers,1
hamman,1
hammer,1
hammered,1
handedly,1
handle,1
handles,1
handling,1
handrolls,1
handsome,1
hanging,1
hangovers,1
happend,1
happening,1
happily,1
harden,1
hardened,1
hardworking,1
harmonious,1
harsha,1
hassels,1
hated,1
haters,1
hawaii,1
hazelnut,1
headed,1
heads,1
healthful,1
heap,1
heaping,1
heaps,1
heavenly,1
hed,1
heed,1
hei,1
heir,1
held,1
helped,1
helps,1
hen,1
henessy,1
henry's,1
herd,1
hero,1
hesitating,1
heterosexual,1
hewitt,1
hiccup,1
highland,1
highliner,1
highway,1
hills,1
hinanese,1
hindsight,1
hint,1
hinted,1
hiptards,1
hired,1
history,1
hite,1
hk,1
hlich,1
hochbezahlte,1
hoisin,1
hoison,1
hokey,1
holds,1
holly,1
hollywood,1
holy,1
homegoods,1
homey,1
honeyed,1
hoo,1
hooked,1
hoorah,1
hoped,1
hopeful,1
horace,1
horrendous,1
horribly,1
hosting,1
hotdog,1
hotness,1
hotpots,1
houlihann's,1
house's,1
houses,1
hovering,1
hste,1
http,1
https,1
hue,1
huh,1
hula,1
hum,1
humanity,1
humid,1
hummer,1
humor,1
hush,1
hustle,1
huuuge,1
huuuuge,1
huuuuuuge,1
hyang,1
hydrated,1
ichiban,1
icing,1
idiots,1
ignore,1
ill,1
ille,1
illegal,1
illinois,1
illness,1
illuminating,1
illusion,1
imagination,1
imagined,1
imgine,1
imitates,1
imitation,1
immense,1
immer,1
immitation,1
impatient,1
imperative,1
imperial,1
importantly,1
imports,1
impossibly,1
impressions,1
improve,1
improvement,1
inadequate,1
inches,1
incl,1
inclines,1
incoherent,1
inconsequential,1
inconsiderate,1
inconsistent,1
incorporates,1
incorrectly,1
increased,1
indecisive,1
indiana,1
indicating,1
indicative,1
indifference,1
individually,1
indulging,1
inebriated,1
infamous,1
infidel,1
inflated,1
influx,1
informative,1
informing,1
infrequent,1
infused,1
ingriedients,1
innenarchitekte,1
innocent,1
insane,1
insisted,1
instagram,1
instance,1
instant,1
instinct,1
instructor,1
insurance,1
integrity,1
intend,1
intense,1
intensified,1
interaction,1
interconnected,1
intolerant,1
intoxicated,1
intricate,1
intrigue,1
introduce,1
invent,1
invest,1
investigation,1
investorenkonsummegamoloch,1
involved,1
involving,1
ipad,1
irk,1
irks,1
irritated,1
irritating,1
ish,1
isle,1
itsy,1
ivegas,1
ivory,1
izakayas,1
jackets,1
jacki,1
jackpot,1
jackson,1
jahre,1
jajang,1
jalape,1
jalapeno,1
jam,1
jamie,1
jammed,1
jang,1
japan,1
japantown,1
jasmine's,1
jaw,1
jean,1
jeans,1
jeffrey,1
jellies,1
jello,1
jen,1
jeni,1
jeni's,1
jenny,1
jerk,1
jewelry,1
jewish,1
jimmy,1
jjigae,1
jk,1
joe's,1
joey's,1
joeys,1
jon,1
jones,1
jonesing,1
jose,1
joy,1
joyful,1
judging,1
jug,1
juliennes,1
jumbo,1
jump,1
june,1
jung,1
jungle,1
jungol,1
junkie,1
kaffir,1
kai,1
kalimirch,1
kann,1
karte,1
kau,1
kay,1
kbbq,1
kebabs,1
kee,1
keema,1
keeping,1
kelp,1
kernel,1
ketchup,1
ketchupy,1
kette,1
kettles,1
kfc,1
khan,1
kicks,1
kiki's,1
kiko,1
kings,1
kinks,1
kiosk,1
kiwi,1
knieprobleme,1
knowledgeable,1
koi,1
komme,1
kommen,1
kommt,1
kongxincai,1
konzept,1
kudos,1
ky,1
kyrene,1
l's,1
labels,1
labor,1
lacklustre,1
lacquered,1
lactose,1
laden,1
ladies,1
lady's,1
lafayette's,1
lake,1
lamenting,1
lard,1
lasagna,1
lasted,1
lasts,1
lateness,1
latin,1
laufe,1
laugh,1
laughed,1
launched,1
lauren,1
layer,1
layman,1
lead,1
leads,1
learnt,1
leaving,1
lecker,1
leeway,1
leftover,1
leisure,1
lesser,1
lesson,1
levels,1
li,1
lib,1
library,1
lichon,1
lid,1
life's,1
lifetime,1
lig,1
lightest,1
likes,1
lil,1
limberger,1
limiting,1
lincoln,1
linens,1
lineups,1
ling,1
lingering,1
lingo,1
lion,1
liqeur,1
listen,1
literature,1
litter,1
livers,1
lives,1
lo's,1
loa,1
load,1
loblaws,1
locale,1
locker,1
logo,1
loh,1
lol'd,1
lomein,1
london,1
lonely,1
lookout,1
looove,1
los,1
lot's,1
louder,1
loudly,1
lousy,1
lovable,1
lover,1
lovers,1
lox,1
luck,1
lucked,1
lucky,1
lufa,1
lumpia,1
lumps,1
lunches,1
lung,1
lup,1
luscious,1
luze,1
ma,1
macao,1
macaron,1
macaroons,1
macau,1
mackerel,1
madhouse,1
maduros,1
magazine's,1
magnificent,1
major,1
majority,1
malasadas,1
manage,1
manageable,1
managers,1
mandalay,1
mandarin's,1
manners,1
manning,1
mao,1
maoris,1
map,1
mapo,1
march,1
margin,1
marginal,1
marinades,1
marinading,1
marked,1
marketing,1
markets,1
marriage,1
married,1
marriott,1
marrow,1
mars,1
mart,1
marvelous,1
mary,1
marys,1
masala,1
mascapone,1
mash,1
mashup,1
masks,1
massaged,1
massagers,1
massages,1
masses,1
masseuse,1
master,1
mastercard,1
materials,1
matsu,1
matsuisa,1
maximum,1
mayfield,1
mayflower,1
mayonnaise,1
maze,1
mbbq,1
measly,1
measure,1
medallions,1
media,1
meetup,1
mega,1
mekong,1
melange,1
melting,1
membership,1
memorial,1
memory,1
mental,1
mentality,1
mentally,1
mentions,1
mercy,1
merit,1
merry,1
mesmerized,1
messed,1
messy,1
met,1
metal,1
meter,1
meters,1
metro,1
metropolitan,1
mex,1
mexicans,1
mexico,1
mgm,1
mi,1
miao,1
mich,1
michelin,1
mickeyd's,1
micro,1
microwave,1
middleton,1
midnight,1
mild,1
mile,1
mill's,1
millionen,1
millions,1
mills,1
mimosas,1
minded,1
ming's,1
mingnon,1
mings,1
minimal,1
minimum,1
mirrors,1
misgiving,1
mishandled,1
misleading,1
misses,1
mistaking,1
mit,1
mitchell,1
mixologists,1
mkv,1
mmm,1
mmmmmmmmm,1
mock,1
mocking,1
modest,1
mohinga,1
mojito,1
moments,1
money's,1
monkeys,1
monochrome,1
monona,1
monongahela,1
monster,1
monta,1
monte,1
montr,1
monumental,1
moon,1
mooncake,1
mooshu,1
morocco,1
morsels,1
mound,1
mover,1
mozarella,1
ms,1
mt,1
mu,1
mu'us,1
mumbling,1
munch,1
munchie,1
murals,1
murdered,1
murgh,1
museums,1
mushu,1
musicians,1
muss,1
mutton,1
mystere,1
mystery,1
myung,1
na,1
nach,1
nachhaltigen,1
nah,1
nahezu,1
nails,1
nakamura,1
napa,1
napkin,1
narrow,1
nastiest,1
nathan's,1
nationalities,1
natives,1
nay,1
nc,1
neatly,1
neck,1
nectar,1
nee,1
needless,1
neiges,1
neighboring,1
nerve,1
nervous,1
nervously,1
nese,1
nest,1
network,1
nevada,1
newbies,1
newcomers,1
news,1
newspapers,1
nibble,1
nickel,1
nickels,1
niece,1
nightclub,1
nightclubs,1
nighters,1
nights,1
nigri,1
niki,1
ninja,1
nj,1
noir,1
nondescript,1
nonetheless,1
nonstop,1
nope,1
nori,1
norm,1
nose,1
nostalgic,1
notably,1
noted,1
notice,1
noticeable,1
noticeably,1
notify,1
notion,1
notoriously,1
novelty,1
novice,1
nten,1
nut,1
nv,1
ny'er,1
nyc's,1
oatmeal,1
oberbug,1
obersten,1
objected,1
obligatory,1
obliging,1
obscure,1
observe,1
obsessed,1
obtain,1
obvious,1
oc,1
occasionally,1
occupies,1
occur,1
occuring,1
odor,1
offended,1
offense,1
offering,1
official,1
offset,1
ogeul,1
oiliy,1
ok's,1
okonomiyaki,1
olfactory,1
olmsted,1
olympia,1
omelette,1
omitted,1
ons,1
ont,1
op,1
opener,1
opera,1
opinions,1
opposed,1
optician,1
optional,1
optometrist,1
optometry,1
organic,1
organist,1
organs,1
oriented,1
origin,1
orleans,1
ornately,1
osso,1
ot,1
otherworldly,1
ouncers,1
outdated,1
outfitted,1
outish,1
outrageously,1
outrages,1
outs,1
outta,1
overcast,1
overdone,1
overflown,1
overpowered,1
overtenderized,1
overwhelmed,1
owl,1
owner's,1
oxtail,1
oymami,1
pa,1
pace,1
pacing,1
package,1
packaged,1
packages,1
packaging,1
packet,1
pae,1
pages,1
pain,1
painful,1
pains,1
painted,1
pairing,1
pale,1
paltry,1
pamper,1
pang,1
panko,1
papaya,1
pappardalle,1
parade,1
parent,1
pareos,1
paris,1
parlor,1
parlors,1
parmesan,1
parsley,1
partial,1
partially,1
partitions,1
partying,1
passage,1
passionate,1
passionfruit,1
passt,1
pata,1
path,1
patient,1
patiently,1
patron,1
patties,1
patty,1
paved,1
paycheques,1
payments,1
pc,1
peaceful,1
pear,1
pebble,1
pecking,1
peculiar,1
pedal,1
peel,1
peeps,1
peeve,1
penetrating,1
penguins,1
pennsylvania,1
penny,1
penultimate,1
peoria,1
peppercorns,1
pepperoni,1
percent,1
perfecto,1
perforated,1
performing,1
periodically,1
permeates,1
permutations,1
perpetual,1
personable,1
perspective,1
perusing,1
pervasive,1
pessimistic,1
pesto,1
pet,1
pete's,1
pf's,1
pharmacy,1
phillipe,1
philosophies,1
phobic,1
phoenicians,1
phoned,1
phrase,1
phx,1
physical,1
pickiness,1
pickles,1
pics,1
pictured,1
pien,1
pierre,1
pies,1
piggy,1
pimped,1
pineapples,1
pints,1
pirogies,1
pissed,1
pistachio,1
pitcher,1
pitchers,1
pittsburgh's,1
pkwy,1
plac,1
place's,1
placebo,1
planet,1
plank,1
planned,1
planning,1
plastic,1
plattmacht,1
player,1
playground,1
plays,1
pleasantly,1
pleaser,1
pleasing,1
plethora,1
plopped,1
plug,1
plum,1
plump,1
pluses,1
pmall,1
po,1
poached,1
pod,1
poke,1
pokemon,1
polamalu,1
poles,1
policies,1
polish,1
politely,1
politically,1
pomegranate,1
pools,1
poorridge,1
popularized,1
porcelain,1
porridge,1
portable,1
portionen,1
posing,1
possess,1
potential,1
potion,1
potions,1
potted,1
poulet,1
poultry,1
pounded,1
pounds,1
powerball,1
powers,1
precisely,1
predecessor,1
predictable,1
predominantly,1
prefered,1
preferred,1
pregnancy,1
premade,1
premises,1
preschool,1
preschoolers,1
preside,1
pressed,1
pressured,1
presume,1
pretend,1
pretension,1
pretention,1
prettiest,1
previously,1
pricy,1
prides,1
prik,1
printed,1
prison,1
privacy,1
pro,1
proceed,1
processes,1
produced,1
production,1
profile,1
profiles,1
program,1
progressive,1
projector,1
promising,1
proper,1
properties,1
pros,1
prosecco,1
prospect,1
protective,1
proved,1
prying,1
ps,1
publications,1
published,1
pudding,1
pull,1
pulling,1
punctual,1
punishment,1
purchase,1
pure,1
puree,1
purely,1
purposely,1
push,1
puzzled,1
qc,1
qu,1
qualify,1
quanity,1
quarter,1
quartered,1
quebec,1
queen,1
quen,1
quenching,1
questionable,1
quickie,1
quorum,1
quote,1
qwik,1
racks,1
radio,1
ragoons,1
rainforest,1
raise,1
raised,1
raisin,1
raisins,1
ran,1
ranch,1
ranged,1
rangoons,1
ranked,1
ranting,1
rates,1
rations,1
ray,1
razor,1
reach,1
reached,1
reads,1
reality,1
realizing,1
realms,1
realtors,1
reaper,1
rear,1
recall,1
receipt,1
recht,1
reckless,1
recommand,1
recommending,1
recovery,1
redeem,1
redeeming,1
reduced,1
reevaluated,1
refers,1
reflect,1
reflexology,1
refrain,1
refreshes,1
refrigerate,1
refrigerated,1
refrigerator,1
rejuvenated,1
relative,1
relatives,1
relaxing,1
released,1
relieved,1
relocated,1
relying,1
remains,1
remarking,1
rememberable,1
remodeled,1
renaissance,1
rendered,1
renovate,1
rental,1
reopened,1
reorganized,1
repeated,1
repeatedly,1
repetitive,1
replacement,1
replenished,1
reply,1
representative,1
representatives,1
represented,1
republican,1
reputation,1
require,1
researched,1
resembled,1
resembles,1
resembling,1
residence,1
resilient,1
resort,1
respectful,1
respond,1
responsible,1
restaruant's,1
restraint,1
restuarant,1
resturants,1
resulted,1
resulting,1
retarded,1
rethink,1
retirees,1
retires,1
revised,1
revision,1
revisit,1
rewards,1
reyes,1
rich,1
ride,1
ridiculous,1
riding,1
riesige,1
riffraff,1
ring,1
ripped,1
rise,1
rising,1
rite,1
rivaled,1
riverboat,1
ro,1
robes,1
robust,1
rocked,1
rocket,1
rocking,1
rocks,1
roe,1
role,1
roles,1
rolled,1
roller,1
rolles,1
rolltreppenanschluss,1
roomy,1
rose,1
ross's,1
rotating,1
rotten,1
rough,1
roughly,1
rounded,1
route,1
roy's,1
rub,1
rubbery,1
rubbing,1
ruins,1
rundown,1
rushed,1
sacrificed,1
sacrificing,1
safari,1
safely,1
sago,1
sal,1
salami,1
sale,1
salivate,1
salon,1
saltiness,1
saly,1
sample,1
sampler,1
sampling,1
sanitary,1
sans,1
santa,1
sapporo,1
sarah,1
satay,1
satiate,1
satisfactory,1
saturdays,1
saucy,1
sauerkraut,1
saved,1
saver,1
savior,1
savor,1
savoriness,1
savouriness,1
scale,1
scallions,1
scared,1
scares,1
scary,1
scene,1
scents,1
schauspieler,1
scheduling,1
scheint,1
schemes,1
schewan,1
schnell,1
schnitzel,1
schon,1
schzechuan,1
sconces,1
scooped,1
scrape,1
screw,1
screwed,1
scrimp,1
scroll,1
scrooge,1
scrumptionus,1
sd,1
se,1
sean,1
search,1
secret,1
secretly,1
sectioned,1
sector,1
seed,1
seeking,1
selectively,1
semi,1
seniors,1
sensation,1
sensitive,1
sentimental,1
sentiments,1
server's,1
servicing,1
settle,1
settled,1
setup,1
sewage,1
sexy,1
shabby,1
shack,1
shady,1
shaka,1
shakey,1
shaking,1
shames,1
shampoo,1
shanks,1
shanxi,1
shape,1
shaped,1
shapes,1
shari,1
shark,1
sharp,1
shattered,1
shave,1
shaving,1
shavings,1
shed,1
sheets,1
shellfish,1
shellfishes,1
shepperd,1
sheraton,1
sheridan,1
shilla,1
shimeji,1
shimp,1
shindigs,1
shirts,1
shish,1
shiso,1
shitake,1
shiumai,1
shock,1
shockingly,1
shooters,1
shops,1
shortage,1
shorter,1
shoulder,1
shout,1
shoved,1
showered,1
showers,1
shred,1
shucked,1
siam,1
sich,1
sided,1
siding,1
siew,1
sigh,1
sight,1
sights,1
signing,1
silence,1
silent,1
silky,1
similarity,1
simplest,1
simplify,1
simplistic,1
sincerely,1
sind,1
singe,1
sinks,1
sinnlos,1
sinus,1
sinuses,1
sip,1
sircorp,1
siriachi,1
sisters,1
site,1
sittler,1
situated,1
situational,1
sizzled,1
skimp,1
skimpy,1
skins,1
skipping,1
slabs,1
slanderous,1
slayer,1
sleek,1
slept,1
slice,1
slideshow,1
sliding,1
slipped,1
slippers,1
slivers,1
slop,1
slots,1
slowly,1
slut,1
smart,1
smartest,1
smidge,1
smiles,1
smith's,1
smooshy,1
smoother,1
smoothly,1
smothering,1
smuggling,1
smushed,1
snacking,1
sneaking,1
sneaky,1
sneered,1
sneezes,1
sniff,1
snobbish,1
snowy,1
snuggly,1
soap,1
soba's,1
socal,1
socially,1
softer,1
softshell,1
soh,1
soho,1
soiled,1
soimai,1
sollte,1
solstice,1
solved,1
someday,1
someplace,1
sommelier,1
son's,1
sonny's,1
sooner,1
soooo,1
sooooooooo,1
sophisticated,1
sorbet,1
sorely,1
soto,1
souffle,1
souls,1
sound,1
soupless,1
sours,1
southside,1
southwest,1
souvenir,1
spam,1
spanish,1
spartanisch,1
specialities,1
specialize,1
spectrum,1
speechless,1
speicals,1
spellbinding,1
spicey,1
spicier,1
spiderweb,1
spiked,1
spine,1
spinnen,1
spiral,1
spirits,1
spoons,1
spotless,1
spotlights,1
spotty,1
springrolls,1
springs,1
sprinkles,1
squab,1
square's,1
squash,1
squeeze,1
sriracha,1
st,1
stab,1
stained,1
stale,1
stall,1
stamped,1
standalone,1
standouts,1
stank,1
staples,1
stare,1
stared,1
stark,1
starter,1
startled,1
stat,1
statement,1
status,1
steakhouse,1
steaks,1
stealth,1
steamy,1
steemed,1
stenciled,1
step,1
stephanie,1
stereotyped,1
steroids,1
steuerte,1
stinch,1
stoked,1
stones,1
stopping,1
stops,1
storefront,1
storefronts,1
stories,1
strand,1
streaming,1
stretching,1
strike,1
string,1
stroll,1
strongly,1
structureless,1
struggles,1
strumpets,1
studying,1
stuffings,1
stuffy,1
stumbled,1
stunningly,1
stupidly,1
sturdiness,1
styles,1
sublime,1
subpar,1
substantial,1
substitutions,1
subtle,1
subtraction,1
suburbs,1
succession,1
sucked,1
sucker,1
sue,1
suey,1
sufficient,1
sugary,1
suggested,1
suggestion,1
sums,1
sunchoke,1
sundaes,1
sunscreen,1
sunshine,1
superbowl,1
superior,1
superiority,1
supermarkets,1
supervising,1
supper,1
support,1
supposedly,1
surer,1
surf,1
surly,1
surpasses,1
surprises,1
surrounded,1
surroundings,1
sustain,1
swallowed,1
swanky,1
sweetened,1
sweeter,1
swing,1
swings,1
switched,1
symptom,1
tab,1
table's,1
tabled,1
tabletop,1
tackle,1
tackled,1
tacky,1
tactic,1
tactics,1
tahini,1
tahitian,1
tai,1
tall,1
tamarind,1
tang's,1
tangerines,1
tangier,1
tank,1
tanks,1
tapas,1
tapenade,1
tapestries,1
tapioca,1
tartare,1
tasers,1
tast,1
tastebuds,1
tastefully,1
tater,1
tats,1
tauchte,1
taxes,1
taxi,1
teach,1
teachers,1
teahouse,1
tearing,1
technically,1
technology,1
tempe,1
tempora,1
tenderizes,1
tenders,1
tens,1
tension,1
teppan,1
terminal,1
terribly,1
tetsu's,1
tew,1
tex,1
texas,1
thankfully,1
thanking,1
thawed,1
theater,1
theatre,1
there're,1
thicker,1
thigh,1
thirst,1
tho,1
three's,1
throat,1
throwing,1
thumbs,1
tickets,1
tickled,1
tier,1
ties,1
tiger,1
tight,1
tiled,1
timers,1
timey,1
tin's,1
tinge,1
tips,1
tipsy,1
tissues,1
tj's,1
toasted,1
toddlers,1
toffee,1
togarashi,1
toilets,1
tokatsu,1
token,1
tolerable,1
tom,1
tombstone,1
tomorrow,1
tools,1
tooth,1
topic,1
topnotch,1
tops,1
torch,1
tore,1
torillas,1
toss,1
tot,1
tots,1
touchtunes,1
tourists,1
touristy,1
tower,1
towers,1
town's,1
toxicity,1
traditionally,1
traffic,1
trail,1
trained,1
trampolines,1
transferred,1
translated,1
translation,1
transport,1
transported,1
trap,1
trapeze,1
trashed,1
trashy,1
trattoria,1
treating,1
treatments,1
trend,1
trends,1
triangle,1
triangular,1
trifecta,1
triggers,1
tropical,1
trough,1
troy,1
truck,1
truth,1
tsao,1
tsingtao,1
tug,1
tune,1
tvs,1
twirled,1
twisting,1
typeface,1
tyson,1
u'd,1
uber,1
ubereats,1
ubiquitous,1
udon,1
ugh,1
ugliest,1
uh,1
ultra,1
um,1
umami,1
umi,1
unappealing,1
unbeknowst,1
uncle,1
uncle's,1
uncomfortable,1
uncommonly,1
uncovered,1
undercooked,1
underestimate,1
underground,1
underneath,1
underpopulated,1
understood,1
underwhelming,1
undeserving,1
undisturbed,1
unfinished,1
unfortunate,1
unfried,1
unfriendly,1
ungew,1
ungrateful,1
unheard,1
unhurried,1
uni,1
unidentified,1
uniform,1
uninteresting,1
union,1
uniqueness,1
united,1
unjustified,1
unknowing,1
unknown,1
unofficial,1
unprecedented,1
unqiue,1
unreasonable,1
unremarkable,1
unsatisfied,1
unspectacular,1
unsuccessful,1
unsung,1
unsure,1
unsurprisingly,1
unsweetened,1
unternehmen,1
unusually,1
unverifiable,1
unwittingly,1
upcharge,1
upcoming,1
updated,1
upgraded,1
upmarket,1
upper,1
ups,1
upside,1
upstate,1
urbana,1
utterly,1
uuuugh,1
uye,1
uyghur,1
valid,1
values,1
vancouver,1
variable,1
variation,1
variations,1
varies,1
varying,1
vaughan,1
veg,1
vegi,1
vegtables,1
vehicle,1
verify,1
veritable,1
verona,1
versions,1
vibration,1
vietnam,1
vip,1
virgin,1
visa,1
visible,1
vision,1
visual,1
voice,1
void,1
volleyball,1
volume,1
volumes,1
von,1
vor,1
voracious,1
vouch,1
vow,1
wa,1
wagyu,1
waiter's,1
wal,1
walks,1
walkway,1
walter,1
wan,1
wander,1
wandering,1
wangs,1
wanton,1
warmer,1
warmly,1
warn,1
warrant,1
warrants,1
warriors,1
wash,1
washroom,1
washrooms,1
washy,1
wasted,1
wasting,1
watercress,1
watering,1
waterlogged,1
waters,1
watery,1
waving,1
waxed,1
wayne,1
wear,1
weaving,1
wedge,1
weekdays,1
weeknights,1
weigh,1
weight,1
weirdly,1
welcomes,1
welcoming,1
weltreise,1
westwood,1
whaddup,1
whilst,1
whip,1
whirlwind,1
whites,1
whoooa,1
wich,1
wicked,1
wie,1
wife's,1
wifi,1
wikipedia,1
wild,1
win,1
windmill,1
wink,1
winning,1
winnings,1
wins,1
wintery,1
wise,1
wishy,1
witnessed,1
wohl,1
wok'd,1
woman's,1
women,1
wonderfully,1
wonders,1
wong,1
wongs,1
wont,1
wor,1
workmanship,1
workout,1
wouldent,1
wound,1
wrapper,1
wreck,1
wrecked,1
writes,1
wwii,1
xd,1
xian,1
xie,1
xinjiang,1
xlb,1
xoa,1
xqjehs,1
yakisoba,1
yam,1
yang,1
yangjangpi,1
yardhouse,1
yau,1
yay,1
year's,1
yearning,1
yell,1
yelled,1
yelling,1
yellower,1
yelper,1
yogurt,1
yoke,1
yook,1
yorkshire,1
youre,1
youtiao,1
yu's,1
yucutan,1
yuk,1
yummmmy,1
yuuuuummmmmmmmmy,1
zarkana,1
zealanders,1
zha,1
zingy,1
zombie,1
zongzi,1
zum,1
zumbie,1
